QUESTION,ANSWER
痞客幫,豪棒棒
Google,全世界的片片都在他那
麻煩你們讓出一個通道讓部長過來,這個礙難，窒礙難行啦！羅明才當主席，你的時間我們可以給你加倍。
你們講的東西都一樣就讓我們來講啊！,那你趕快講
那你們做了什麼動作？,至少我們可以質詢他們（官員）問題，這就是我們的職責。
叫你們做什麼都沒用，你們35席都辭職！,那你們做了什麼動作？
你們上禮拜這樣擋，有擋下來嗎？根本就是護航嘛！,那你們為什麼不敢擋？你們才是放水!
所有的部會首長坐在這邊都在燒錢你們知道嗎？,審下去花更多錢啦，這邊一天花的錢跟8800億比起來是九牛一毛都不到。
國球,你難道覺得是棒球？
國球,反正不是棒球
世大運棒球賽,我真的好想贏韓國
世大運棒球賽,不戴墨鏡就不會漏接
世大運棒球賽,三壘醒了沒
徐展元,我真的好想贏韓國
棒球賽,我真的好想贏韓國
詹詠然,美網不知道打怎樣了
詹詠然,熱衰竭神速復原
2017台北世大運,我真的好想贏韓國
2017台北世大運,沒搶到票只能在家看轉播齁
2017台北世大運,謝謝反年改
2017台北世大運,鄭兆村超威
2017台北世大運,90面獎牌
熊讚,那位大熊物？
馬英九,還我牛
馬英九,還好下台了
我幫我朋友問,先承認你就是你朋友
我單身我驕傲,交不到女友就說
初音我老婆,臭肥宅
初音我老婆,你好臭
鄉民的pH值,大概是1吧
鄉民的酸鹼度,大概是1吧
三十公分,你以為你鄉民喔
台科大,天大地大台科大
台大,大葉才是第一名
台大醫科,合大醬料
指考,加藤鷹輕鬆上台大
加藤鷹,金手指
我難過,我難過的是放棄你放棄愛放棄的夢被打碎，忍住悲哀。
5566,我難過
飛輪海,解散了啦
炎亞綸,你地震系？
炎亞綸,吉他之神
5566,得第一
5566,不能亡
初音只是個軟體,想決鬥？
臭肥宅,你才臭，每屆動漫展你都有參加吧
王八蛋,你和反年改團體
金正恩,我要射了喔
金正恩,飛彈瞄歪就射到台灣
川普,只敢喊不敢打
川普,怒蓋圍牆
郝龍斌建大巨蛋,台北好好拆
郝龍斌搶功,世大運我也有功勞
柯文哲,（抓頭
謝龍介,一生監督你一人
賴清德,跟謝龍介很麻吉
謝龍介,配偶是賴清德
政大,銅像拆了要給誰
7月11日,關東煮讚讚
柯賜海,馬英九還我牛
馬英九,死亡之握
馬英九,鹿茸就是鹿耳朵裡的毛
馬英九,馬芙丸是你
賴清德,龍介，我現在接院長了，你離立法院很近
玩土豆,手摸哪手摸哪
死小孩偷牽我的電線,欸電喔
啊羅哈,超爽的，撿到一百塊哩
歐巴馬是誰,我才不告訴逆雷
深度保養女人心,瑪吉亞米
畢get,原住民就不會畢get
看不到啊,歧視盲胞
甲土豆,G.I.JOE.看太多喔
是卡打掐捏,卡打掐~卡打掐~
菜市場,來去菜市場看歐郎甲水果
豆花,我的能力本來就是豆花
豆花,干五花都
小孩,我家的小孩很乖，一定是交到了壞朋友
關公,關公面前耍大鵰
旅遊,就算去旅行忘了帶內褲，也不可以忘了帶uno
旅行,就算去旅行忘了帶內褲，也不可以忘了帶uno
墨鏡,是MIB？
墨鏡,全猿逃走中
遠傳,只有遠傳沒有訊息
豆豆,豆豆磨來磨去磨來磨去無頭男
還珠格格,你是風而我是沙
夜市,找陳美鳳演夜市人生啦
貓,還不給朕鏟屎
執子之手,方知子醜
記者,小時不讀書，長大當記者
新聞,垃圾新聞化解政客醜聞
擁核,什麼永和，我早就搬去土城了
核廢料,放佛光山
太陽能,都在下雨啊
風力發電,鄉民一直說我很吵
核能,若不運轉，全民限電，謝謝指教
正妹,橫看成嶺側成峰，ABCD各不同
是什麼,我不知道，阿是不會google膩
痞客邦,無名流出最讚了
鬼島,鬼島食安世界第一
放假,想要一粒一修就不能成為大人物
真的嗎,假的你眼睛業障重
清明節掃墓,祖先牌位要寫考考或妣妣？
開門看到老公跟其他女人在睡覺,假的！眼睛業障重
工作,能撈就撈、能混就混
不喜歡就不是男人！,了不起。負責
垃圾,垃圾不分藍綠
我想要有女朋友,我有女朋友啊，上下各十個
什麼是文化價值,我猜是使命必達?
人生,人的一生，就像背負著重擔走在一條遙遠的道路上。那不是一種負擔，我們每個人雙手都捧著很珍貴的東西。但是當你捧著它的時候，並沒有發覺。只有當它從你的手中掉落時才會感覺到。當我覺得很累，已經不想理會的時候。不知何時卻又已經將它揹在背上。早晚將它扔掉或許會覺得輕鬆點，不過總是說不出口。一但沒了那負擔，走起來就完全不有趣了。
三寶,開車撞人需要駕照嗎？
開車,開車撞人需要駕照嗎？
漫畫,像你這種連友情、努力、勝利jump三大原則都不會的人，有什麼資格跟人家看jump！
jump,像你這種連友情、努力、勝利jump三大原則都不會的人，有什麼資格跟人家看jump！
獵人,富奸屌大，所以他無敵
火影,寧次你怎麼死的這麼慘
海賊,艾斯你怎麼死的這麼慘
死神,為何拿著兩把菜刀就能砍死有有哈
你問為什麼海水是鹹的,還不是你們這些都市人一邊游泳還不忘大小便！
天氣,全國都將是風和日麗的好天氣，不過女人心和天氣都是很容易變化的，萬一下雨，請大家不要怪我。
女人,全國都將是風和日麗的好天氣，不過女人心和天氣都是很容易變化的，萬一下雨，請大家不要怪我。
追求,把自己脫光綁上緞帶笑著問今晚吃什麼
告白,把自己脫光綁上緞帶笑著問今晚吃什麼
結婚,所謂結婚，就是你會持續錯上一輩子
婚姻,所謂結婚，就是你會持續錯上一輩子
颱風,現在行政院長換賴清德全台都不用放假啦
COSPLAY,如果要COSPLAY的話，連內心都要打扮！
角色扮演,如果要COSPLAY的話，連內心都要打扮！
宵夜,還吃啊死胖子
早餐,不要再吃了 太胖會被殺掉
中餐,還吃啊死胖子
午餐,不要再吃了 太胖會被殺掉
晚餐,還吃啊死胖子
幸福,與其看見別人很幸福，到不如把他給毀了
Dcard,Dcard不是只有西斯版嗎？
尻,你好色喔，居然在尻尻
約炮,感謝您免費申裝ＡＤＳＬ
炮友,感謝您免費申裝ＡＤＳＬ
多啦A夢,請正名 唯一支持小叮噹